{"cameraMode":{"drawMode":0,"name":"Shaded","section":"Shading Mode"},"sceneLighting":true,"audioPlay":false,"sceneViewState":{"showFog":false,"showMaterialUpdate":false,"showSkybox":false,"showFlares":false,"showImageEffects":false,"showParticleSystems":false},"in2DMode":false,"pivot":{"x":207.45541381835938,"y":285.4250183105469,"z":-10.706350326538086},"rotation":{"x":-0.037795379757881168,"y":0.015585613436996937,"z":-0.000581978412810713,"w":-0.999163806438446},"size":195.20941162109376,"orthographic":false}